Parent App ID,From Application (Consumes),Consuming App Environment,parent.sys_class_name,type,Child App ID,To Application (Provides),Providing App Environment,child.sys_class_name,connection_strength,sys_updated_on
8AFN,8AFN-IRQUEKHUR KAVK HDOSNBZHEHTKYN KAVK KIUDRBIIGPOP-KIUKSMLF YEEYVXYM/ICR,DISASTER RECOVERY/BCP,Application Service,Depends on::Used by,8AQB,8AQB-VRCMLX VDU-KIUKSMLF YEEYVXYM/ICR,DISASTER RECOVERY/BCP,Application Service,Always,11/14/2021 12:24
8AFN,8AFN-IRQUEKHUR KAVK HDOSNBZHEHTKYN KAVK KIUDRBIIGPOP-KIUKSMLF YEEYVXYM/ICR,DISASTER RECOVERY/BCP,Application Service,Depends on::Used by,8FOQ,8FOQ-IFF TAPKGXTSAA-KIUKSMLF YEEYVXYM/ICR,DISASTER RECOVERY/BCP,Application Service,Always,11/14/2021 12:23
8AFN,8AFN-IRQUEKHUR KAVK HDOSNBZHEHTKYN KAVK KIUDRBIIGPOP-Wrqnuvawbu,Production,Application Service,Depends on::Used by,8AQB,8AQB-VRCMLX VDU-WRQNUVAWBU,Production,Application Service,Infrequent,06-06-2024 18:40
8AFN,8AFN-IRQUEKHUR KAVK HDOSNBZHEHTKYN KAVK KIUDRBIIGPOP-Wrqnuvawbu,Production,Application Service,Depends on::Used by,OR,OR-ARWCT KAVK DATOHHBGR-Wrqnuvawbu,Production,Application Service,Always,1/22/2026 23:18
8AFN,8AFN-IRQUEKHUR KAVK HDOSNBZHEHTKYN KAVK KIUDRBIIGPOP-Wrqnuvawbu,Production,Application Service,Depends on::Used by,HIUN1,HIUN1-Hmgbivhb PnhyShbfpl KavkOgl-Wrqnuvawbu,Production,Application Service,Always,8/14/2025 17:35
8AFN,8AFN-IRQUEKHUR KAVK HDOSNBZHEHTKYN KAVK KIUDRBIIGPOP-Wrqnuvawbu,Production,Application Service,Depends on::Used by,YB,YB-YENKTBVBFOIR IAPUIGN (JOOWAGK)-Wrqnuvawbu,Production,Application Service,Infrequent,06-06-2024 18:40
8AFN,8AFN-IRQUEKHUR KAVK HDOSNBZHEHTKYN KAVK KIUDRBIIGPOP-Wrqnuvawbu,Production,Application Service,Depends on::Used by,8BFG,8BFG-DBT - Irquekhur Kavk Datohhbgr ao Lnvoriywfl Pnhyrfhhvvn Datohhbgr-Wrqnuvawbu,Production,Application Service,Always,07-03-2024 15:25
8AFN,8AFN-IRQUEKHUR KAVK HDOSNBZHEHTKYN KAVK KIUDRBIIGPOP-Wrqnuvawbu,Production,Application Service,Depends on::Used by,8BY,8BY-LBTYKXYOTL-Wrqnuvawbu,Production,Application Service,Always,1/22/2026 23:17
8AFN,8AFN-IRQUEKHUR KAVK HDOSNBZHEHTKYN KAVK KIUDRBIIGPOP-Wrqnuvawbu,Production,Application Service,Depends on::Used by,OK,OK-OOIKN JIU-Wrqnuvawbu,Production,Application Service,Always,1/22/2026 23:16
8AFN,8AFN-IRQUEKHUR KAVK HDOSNBZHEHTKYN KAVK KIUDRBIIGPOP-Wrqnuvawbu,Production,Application Service,Depends on::Used by,DCRDA,DCRDA-MIU Lmrvorls Joozlbhbpl Tapkgxy-Wrqnuvawbu,Production,Application Service,Always,1/22/2026 23:16
8AFN,8AFN-IRQUEKHUR KAVK HDOSNBZHEHTKYN KAVK KIUDRBIIGPOP-Wrqnuvawbu,Production,Application Service,Depends on::Used by,8MZD,8MZD-Tazst Joud Iauss Hceyugawan Zyudef-Wrqnuvawbu,Production,Application Service,Always,2/25/2026 9:23
8AFN,8AFN-IRQUEKHUR KAVK HDOSNBZHEHTKYN KAVK KIUDRBIIGPOP-Wrqnuvawbu,Production,Application Service,Depends on::Used by,UD,UD-UEYDOG-Wrqnuvawbu,Production,Application Service,Infrequent,06-06-2024 18:40
8AFN,8AFN-IRQUEKHUR KAVK HDOSNBZHEHTKYN KAVK KIUDRBIIGPOP-Wrqnuvawbu,Production,Application Service,Depends on::Used by,HXUD,HXUD-Hxyky ZeeerxAfnusryrm-Wrqnuvawbu,Production,Application Service,Always,1/22/2026 23:17
8AFN,8AFN-IRQUEKHUR KAVK HDOSNBZHEHTKYN KAVK KIUDRBIIGPOP-Wrqnuvawbu,Production,Application Service,Depends on::Used by,8TBN,8TBN-MDE AZ KRQZBHE-Wrqnuvawbu,Production,Application Service,Always,12/13/2024 12:34
8AFN,8AFN-IRQUEKHUR KAVK HDOSNBZHEHTKYN KAVK KIUDRBIIGPOP-Wrqnuvawbu,Production,Application Service,Depends on::Used by,8FOQ,8FOQ-IFF TAPKGXTSAA-Wrqnuvawbu,Production,Application Service,Infrequent,06-06-2024 18:40
8AFN,8AFN-IRQUEKHUR KAVK HDOSNBZHEHTKYN KAVK KIUDRBIIGPOP-Wrqnuvawbu,Production,Application Service,Depends on::Used by,IEVK,IEVK-AHQWSHU ARCXSTJHVVN ZETFIVLG IAEU VFHSCX-Wrqnuvawbu,Production,Application Service,Infrequent,06-06-2024 18:40
8AFN,8AFN-IRQUEKHUR KAVK HDOSNBZHEHTKYN KAVK KIUDRBIIGPOP-Wrqnuvawbu,Production,Application Service,Depends on::Used by,G2,G2-DAEROOPO ZEE IEVK ZURZLXTSAAAN-Wrqnuvawbu,Production,Application Service,Always,4/17/2025 9:52
8AQB,8AQB-VRCMLX VDU-KIUKSMLF YEEYVXYM/ICR,DISASTER RECOVERY/BCP,Application Service,Depends on::Used by,8AFN,8AFN-IRQUEKHUR KAVK HDOSNBZHEHTKYN KAVK KIUDRBIIGPOP-KIUKSMLF YEEYVXYM/ICR,DISASTER RECOVERY/BCP,Application Service,Always,12/17/2024 16:46
8AQB,8AQB-VRCMLX VDU-KIUKSMLF YEEYVXYM/ICR,DISASTER RECOVERY/BCP,Application Service,Depends on::Used by,8TBN,8TBN-MDE AZ KRQZBHE-KIUKSMLF YEEYVXYM/ICR,DISASTER RECOVERY/BCP,Application Service,Always,12/17/2024 16:51
8AQB,8AQB-VRCMLX VDU-KIUKSMLF YEEYVXYM/ICR,DISASTER RECOVERY/BCP,Application Service,Depends on::Used by,8AUD,8AUD-HSUOT JLCCSBMWPHTKYN-KIUKSMLF YEEYVXYM/ICR,DISASTER RECOVERY/BCP,Application Service,Always,12/18/2024 10:12
8AQB,8AQB-VRCMLX VDU-KIUKSMLF YEEYVXYM/ICR,DISASTER RECOVERY/BCP,Application Service,Depends on::Used by,UD,UD-UEYDOG-KIUKSMLF YEEYVXYM/ICR,DISASTER RECOVERY/BCP,Application Service,Always,12/17/2024 17:20
8AQB,8AQB-VRCMLX VDU-KIUKSMLF YEEYVXYM/ICR,DISASTER RECOVERY/BCP,Application Service,Depends on::Used by,8COH,8COH-JOPDAVA TAPKGXTSAA-KIUKSMLF YEEYVXYM/ICR,DISASTER RECOVERY/BCP,Application Service,Always,12/17/2024 18:23
8AQB,8AQB-VRCMLX VDU-KIUKSMLF YEEYVXYM/ICR,DISASTER RECOVERY/BCP,Application Service,Depends on::Used by,8T3K,8T3K-AHQWSHU VNG HDXSSHY-KIUKSMLF YEEYVXYM/ICR,DISASTER RECOVERY/BCP,Application Service,Always,12/17/2024 18:23
8AQB,8AQB-VRCMLX VDU-KIUKSMLF YEEYVXYM/ICR,DISASTER RECOVERY/BCP,Application Service,Depends on::Used by,8MFW,8MFW-TAUDEK KAVK TAPKGXTSAA-KIUKSMLF YEEYVXYM/ICR,DISASTER RECOVERY/BCP,Application Service,Always,12/18/2024 13:15
8AQB,8AQB-VRCMLX VDU-KIUKSMLF YEEYVXYM/ICR,DISASTER RECOVERY/BCP,Application Service,Depends on::Used by,REGC,REGC-Rahua Lnvoriywfl Lvgxt Zttoafpbt-KIUKSMLF YEEYVXYM/ICR,DISASTER RECOVERY/BCP,Application Service,Always,12/20/2024 7:42
8AQB,8AQB-VRCMLX VDU-KIUKSMLF YEEYVXYM/ICR,DISASTER RECOVERY/BCP,Application Service,Depends on::Used by,KIURR,KIURR-Kavk Pnvogkhhvvn Zetfivlg mot OR-KIUKSMLF YEEYVXYM/ICR,DISASTER RECOVERY/BCP,Application Service,Always,8/15/2024 17:29
8AQB,8AQB-VRCMLX VDU-KIUKSMLF YEEYVXYM/ICR,DISASTER RECOVERY/BCP,Application Service,Depends on::Used by,MYF,MYF-JOPDRHSZRYS KAVKMTYH-KIUKSMLF YEEYVXYM/ICR,DISASTER RECOVERY/BCP,Application Service,Always,12/18/2024 14:12
8AQB,8AQB-VRCMLX VDU-KIUKSMLF YEEYVXYM/ICR,DISASTER RECOVERY/BCP,Application Service,Depends on::Used by,IEVK,IEVK-AHQWSHU ARCXSTJHVVN ZETFIVLG IAEU VFHSCX-Wrqnuvawbu,Production,Application Service,Always,12/17/2024 21:42
8AQB,8AQB-VRCMLX VDU-KIUKSMLF YEEYVXYM/ICR,DISASTER RECOVERY/BCP,Application Service,Depends on::Used by,8BCC,8BCC-IRQUEKHUR HCEYUGA ZETFIVLG-KIUKSMLF YEEYVXYM/ICR,DISASTER RECOVERY/BCP,Application Service,Always,12/20/2024 9:40
8AQB,8AQB-VRCMLX VDU-KIUKSMLF YEEYVXYM/ICR,DISASTER RECOVERY/BCP,Application Service,Depends on::Used by,8SQV,8SQV-Zonkcx Teucazpbt-Wrqnuvawbu,Production,Application Service,Always,6/18/2025 15:08
8AQB,8AQB-VRCMLX VDU-WRQNUVAWBU,Production,Application Service,Depends on::Used by,HCVFD,HCVFD-HCVSVX KITOCMVFL-Wrqnuvawbu,Production,Application Service,Always,11-06-2025 16:11
8AQB,8AQB-VRCMLX VDU-WRQNUVAWBU,Production,Application Service,Depends on::Used by,UD,UD-UEYDOG-Wrqnuvawbu,Production,Application Service,Always,12/13/2024 12:04
8AQB,8AQB-VRCMLX VDU-WRQNUVAWBU,Production,Application Service,Depends on::Used by,REGC,REGC-RAHUA LNVORIYWFL LVGXT ZTTOAFPBT-WRQNUVAWBU,Production,Application Service,Always,12/13/2024 14:26
8AQB,8AQB-VRCMLX VDU-WRQNUVAWBU,Production,Application Service,Depends on::Used by,8FGO,8FGO-HNPEAE HCEYUGA MEGC-Wrqnuvawbu,Production,Application Service,Always,1/22/2026 23:17
8AQB,8AQB-VRCMLX VDU-WRQNUVAWBU,Production,Application Service,Depends on::Used by,8CTQ,8CTQ-HSUYCBHHR WRQPIEL ZYUDEF-Wrqnuvawbu,Production,Application Service,Always,1/22/2026 23:17
8AQB,8AQB-VRCMLX VDU-WRQNUVAWBU,Production,Application Service,Depends on::Used by,8BT1,8BT1-IRQUEKHUR DOTUFEVK & ZETFIVL YESEELAG-Wrqnuvawbu,Production,Application Service,Always,1/22/2026 23:17
8AQB,8AQB-VRCMLX VDU-WRQNUVAWBU,Production,Application Service,Depends on::Used by,8TVK,8TVK-Aecw Arcmkbuu Hdosnbzhehtkyn-Wrqnuvawbu,Production,Application Service,Always,1/22/2026 23:17
8AQB,8AQB-VRCMLX VDU-WRQNUVAWBU,Production,Application Service,Depends on::Used by,8SFF,8SFF-ZUROR CIUSOG-Wrqnuvawbu,Production,Application Service,Always,1/22/2026 23:17
8AQB,8AQB-VRCMLX VDU-WRQNUVAWBU,Production,Application Service,Depends on::Used by,8BCC,8BCC-IRQUEKHUR HCEYUGA ZETFIVLG-WRQNUVAWBU,Production,Application Service,Always,12/17/2024 8:53
8AQB,8AQB-VRCMLX VDU-WRQNUVAWBU,Production,Application Service,Depends on::Used by,8AFN,8AFN-IRQUEKHUR KAVK HDOSNBZHEHTKYN KAVK KIUDRBIIGPOP-Wrqnuvawbu,Production,Application Service,Always,12/13/2024 11:58
8AQB,8AQB-VRCMLX VDU-WRQNUVAWBU,Production,Application Service,Depends on::Used by,J6,J6-JHCBTXY KIUDRBIIGPOP-Wrqnuvawbu,Production,Application Service,Infrequent,06-06-2024 18:40
8AQB,8AQB-VRCMLX VDU-WRQNUVAWBU,Production,Application Service,Depends on::Used by,8TBN,8TBN-MDE AZ KRQZBHE-Wrqnuvawbu,Production,Application Service,Always,12/13/2024 12:34
8AQB,8AQB-VRCMLX VDU-WRQNUVAWBU,Production,Application Service,Depends on::Used by,8T3K,8T3K-AHQWSHU VNG HDXSSHY-Wrqnuvawbu,Production,Application Service,Always,12/13/2024 17:19
8AQB,8AQB-VRCMLX VDU-WRQNUVAWBU,Production,Application Service,Depends on::Used by,8SQV,8SQV-Zonkcx Teucazpbt-Wrqnuvawbu,Production,Application Service,Always,6/18/2025 15:08
8AQB,8AQB-VRCMLX VDU-WRQNUVAWBU,Production,Application Service,Depends on::Used by,MYF,MYF-JOPDRHSZRYS KAVKMTYH-Wrqnuvawbu,Production,Application Service,Always,06-06-2024 18:28
8AQB,8AQB-VRCMLX VDU-WRQNUVAWBU,Production,Application Service,Depends on::Used by,8EPM,8EPM-LNVORIYWFL JOOZEGZOGPOP-WRQNUVAWBU,Production,Application Service,Always,1/22/2026 23:17
8AQB,8AQB-VRCMLX VDU-WRQNUVAWBU,Production,Application Service,Depends on::Used by,YFFSR,YFFSR-YIUU HNF MIPKNVL KAVK PNVOGKHHVVN HNF YERYRMPBT-WRQNUVAWBU,Production,Application Service,Infrequent,06-06-2024 18:40
8AQB,8AQB-VRCMLX VDU-WRQNUVAWBU,Production,Application Service,Depends on::Used by,LCTVT,LCTVT-LNVORIYWFL JUUDOFLF YIUU YAVSNZ SOQUUI AOQV-WRQNUVAWBU,Production,Application Service,Always,1/22/2026 23:17
8AQB,8AQB-VRCMLX VDU-WRQNUVAWBU,Production,Application Service,Depends on::Used by,OK,OK-OOIKN JIU-Wrqnuvawbu,Production,Application Service,Always,1/22/2026 23:17
8AQB,8AQB-VRCMLX VDU-WRQNUVAWBU,Production,Application Service,Depends on::Used by,G0,G0-GMCX Hdxsshym Meg Iinvign hnf TF Hlnyc Arcnign-Wrqnuvawbu,Production,Application Service,Always,1/22/2026 23:17
8AQB,8AQB-VRCMLX VDU-WRQNUVAWBU,Production,Application Service,Depends on::Used by,IEVK,IEVK-AHQWSHU ARCXSTJHVVN ZETFIVLG IAEU VFHSCX-Wrqnuvawbu,Production,Application Service,Always,12/18/2024 7:00
8AQB,8AQB-VRCMLX VDU-WRQNUVAWBU,Production,Application Service,Depends on::Used by,0BQS,0BQS-Iaeu Vfhscx Pnvoryhqrz Zurzokawan ahg WCN Wrqnuva-Wrqnuvawbu,Production,Application Service,Infrequent,06-06-2024 18:40
8AQB,8AQB-VRCMLX VDU-WRQNUVAWBU,Production,Application Service,Depends on::Used by,KIURR,KIURR-KAVK PNVOGKHHVVN ZETFIVLG MOT OR-WRQNUVAWBU,Production,Application Service,Always,6/18/2025 8:14
8AQB,8AQB-VRCMLX VDU-WRQNUVAWBU,Production,Application Service,Depends on::Used by,8SGZ,8SGZ-ZTGZ DED-Wrqnuvawbu,Production,Application Service,Always,8/15/2024 17:29
8AQB,8AQB-VRCMLX VDU-WRQNUVAWBU,Production,Application Service,Depends on::Used by,G2,G2-DAEROOPO ZEE IEVK ZURZLXTSAAAN-Wrqnuvawbu,Production,Application Service,Always,7/29/2025 9:23
8AQB,8AQB-VRCMLX VDU-WRQNUVAWBU,Production,Application Service,Depends on::Used by,8AUD,8AUD-HSUOT JLCCSBMWPHTKYN-Wrqnuvawbu,Production,Application Service,Infrequent,06-06-2024 18:40
8AQB,8AQB-VRCMLX VDU-WRQNUVAWBU,Production,Application Service,Depends on::Used by,8MFW,8MFW-TAUDEK KAVK TAPKGXTSAA-Wrqnuvawbu,Production,Application Service,Always,12/13/2024 12:52
8AQB,8AQB-VRCMLX VDU-WRQNUVAWBU,Production,Application Service,Depends on::Used by,8COH,8COH-JOPDAVA TAPKGXTSAA-WRQNUVAWBU,Production,Application Service,Always,12/16/2024 9:13
8AQB,8AQB-VRCMLX VDU-WRQNUVAWBU,Production,Application Service,Depends on::Used by,KNZC,KNZC-TCTW KAVK UEZES-WRQNUVAWBU,Production,Application Service,Always,12/13/2024 16:09
8AQB,8AQB-VRCMLX VDU-WRQNUVAWBU,Production,Application Service,Depends on::Used by,ESGVL,ESGVL-DFC Jrqcs Zenv-Wrqnuvawbu,Production,Application Service,Always,05-04-2026 16:29
8AQB,8AQB-VRCMLX VDU-WRQNUVAWBU,Production,Application Service,Depends on::Used by,0ADN,0ADN-SEPNIGN KIUMLHZIELS-Wrqnuvawbu,Production,Application Service,Always,6/18/2025 8:18
8AQB,8AQB-VRCMLX VDU-WRQNUVAWBU,Production,Application Service,Depends on::Used by,HSFO,HSFO-Hprvivhhvvn Zeeerx Kavk Lxeragns-KIUKSMLF YEEYVXYM/ICR,Production,Application Service,Always,4/30/2025 15:07
8BCKS,8BCKS-DENVS MATQO NAVOWTF-KIUKSMLF YEEYVXYM/ICR,DISASTER RECOVERY/BCP,Application Service,Depends on::Used by,HSFO,HSFO-Hprvivhhvvn Zeeerx Kavk Lxeragns-KIUKSMLF YEEYVXYM/ICR,DISASTER RECOVERY/BCP,Application Service,Always,11/14/2021 12:24
8BCKS,8BCKS-DENVS MATQO NAVOWTF-KIUKSMLF YEEYVXYM/ICR,DISASTER RECOVERY/BCP,Application Service,Depends on::Used by,DXERG,DXERG-MX DENVSOJVNUGG-KIUKSMLF YEEYVXYM/ICR,DISASTER RECOVERY/BCP,Application Service,Always,11/14/2021 12:24
8BCKS,8BCKS-DENVS MATQO NAVOWTF-KIUKSMLF YEEYVXYM/ICR,DISASTER RECOVERY/BCP,Application Service,Depends on::Used by,MSTF,MSTF-MRCED ZETFIVLG-KIUKSMLF YEEYVXYM/ICR,DISASTER RECOVERY/BCP,Application Service,Always,11/14/2021 12:22
8BCKS,8BCKS-DENVS MATQO NAVOWTF-KIUKSMLF YEEYVXYM/ICR,DISASTER RECOVERY/BCP,Application Service,Depends on::Used by,GZBUL,GZBUL-MIPKNVPOY ZETFIVLG SOEKTHY-KIUKSMLF YEEYVXYM/ICR,DISASTER RECOVERY/BCP,Application Service,Always,11/14/2021 12:23
8BCKS,8BCKS-DENVS MATQO NAVOWTF-KIUKSMLF YEEYVXYM/ICR,DISASTER RECOVERY/BCP,Application Service,Depends on::Used by,WPQCA,WPQCA-WRGPEKYSQ WRQNUVA VPVSOGZ-KIUKSMLF YEEYVXYM/ICR,DISASTER RECOVERY/BCP,Application Service,Always,11/14/2021 12:23
8BCKS,8BCKS-DENVS MATQO NAVOWTF-KIUKSMLF YEEYVXYM/ICR,DISASTER RECOVERY/BCP,Application Service,Depends on::Used by,NPQG,NPQG-Nlqlae Waawega Vrkqighhvnu Ditos-KIUKSMLF YEEYVXYM/ICR,DISASTER RECOVERY/BCP,Application Service,Always,11/14/2021 12:24
8BCKS,8BCKS-DENVS MATQO NAVOWTF-KIUKSMLF YEEYVXYM/ICR,DISASTER RECOVERY/BCP,Application Service,Depends on::Used by,ZECC,ZECC-ZHCBEW LNVSTELARUTU HNF HUVROKPNNAIQX ZETFIVLG-KIUKSMLF YEEYVXYM/ICR,DISASTER RECOVERY/BCP,Application Service,Always,11/14/2021 12:21
8BCKS,8BCKS-DENVS MATQO NAVOWTF-KIUKSMLF YEEYVXYM/ICR,DISASTER RECOVERY/BCP,Application Service,Depends on::Used by,NPQGS,NPQGS-Nlqlae Waawega Hprvivhhvvn Iuusnxzg Zetfivlg-KIUKSMLF YEEYVXYM/ICR,DISASTER RECOVERY/BCP,Application Service,Always,11/14/2021 12:24
8BCKS,8BCKS-DENVS MATQO NAVOWTF-KIUKSMLF YEEYVXYM/ICR,DISASTER RECOVERY/BCP,Application Service,Depends on::Used by,NPG,NPG-Nlqlae Waawega Lxgmumpca-KIUKSMLF YEEYVXYM/ICR,DISASTER RECOVERY/BCP,Application Service,Always,11/14/2021 12:19
8BCKS,8BCKS-DENVS MATQO NAVOWTF-KIUKSMLF YEEYVXYM/ICR,DISASTER RECOVERY/BCP,Application Service,Depends on::Used by,JSVCH,JSVCH-JSVC - UOP JATNS-KIUKSMLF YEEYVXYM/ICR,DISASTER RECOVERY/BCP,Application Service,Always,11/14/2021 12:24
8BCKS,8BCKS-DENVS MATQO NAVOWTF-KIUKSMLF YEEYVXYM/ICR,DISASTER RECOVERY/BCP,Application Service,Depends on::Used by,KTFC,KTFC-KIISTTS ARWCTXK KAVK ZOWBCX-KIUKSMLF YEEYVXYM/ICR,DISASTER RECOVERY/BCP,Application Service,Always,11/14/2021 12:23
8BCKS,8BCKS-DENVS MATQO NAVOWTF-KIUKSMLF YEEYVXYM/ICR,DISASTER RECOVERY/BCP,Application Service,Depends on::Used by,HPU,HPU-HCEYUGA & WRQNUVA ZETFIVLG-KIUKSMLF YEEYVXYM/ICR,DISASTER RECOVERY/BCP,Application Service,Always,11/14/2021 12:21
8BCKS,8BCKS-DENVS MATQO NAVOWTF-KIUKSMLF YEEYVXYM/ICR,DISASTER RECOVERY/BCP,Application Service,Depends on::Used by,ZIOC,ZIOC-ZIOC Huvregawphtkyn-KIUKSMLF YEEYVXYM/ICR,DISASTER RECOVERY/BCP,Application Service,Always,11/14/2021 12:23
8BCKS,8BCKS-DENVS MATQO NAVOWTF-KIUKSMLF YEEYVXYM/ICR,DISASTER RECOVERY/BCP,Application Service,Depends on::Used by,WSEYH,WSEYH-DFU Jojorxuqr Jaere-KIUKSMLF YEEYVXYM/ICR,DISASTER RECOVERY/BCP,Application Service,Always,11/14/2021 12:18
8BCKS,8BCKS-DENVS MATQO NAVOWTF-Wrqnuvawbu,Production,Application Service,Depends on::Used by,8AGC,8AGC-IRQUEKHUR WLCDFHYA HEG ZETFIVLG-Wrqnuvawbu,Production,Application Service,Always,07-08-2024 08:28
8BCKS,8BCKS-DENVS MATQO NAVOWTF-Wrqnuvawbu,Production,Application Service,Depends on::Used by,8CCMM,8CCMM-Jaerefhhepx-Wrqnuvawbu,Production,Application Service,Always,06-06-2024 18:28
8BCKS,8BCKS-DENVS MATQO NAVOWTF-Wrqnuvawbu,Production,Application Service,Depends on::Used by,LFOA,LFOA-LF LNVORIYWFL HPRVIVHHVVN PNVOGKHHVVN-WRQNUVAWBU,Production,Application Service,Always,06-06-2024 18:28
8BCKS,8BCKS-DENVS MATQO NAVOWTF-Wrqnuvawbu,Production,Application Service,Depends on::Used by,DVEZ,DVEZ-DENVSHUS CITDUTS JATN WMV-WRQNUVAWBU,Production,Application Service,Always,06-06-2024 18:28
8BCKS,8BCKS-DENVS MATQO NAVOWTF-Wrqnuvawbu,Production,Application Service,Depends on::Used by,DCC,DCC-DENVS MATQO JOOWOG HUVREGAWPHTKYN-WRQNUVAWBU,Production,Application Service,Always,07-05-2024 12:06
8BCKS,8BCKS-DENVS MATQO NAVOWTF-Wrqnuvawbu,Production,Application Service,Depends on::Used by,6TTN,6TTN-DFC Arcne Kookig-Wrqnuvawbu,Production,Application Service,Infrequent,06-06-2024 18:40
8BCKS,8BCKS-DENVS MATQO NAVOWTF-Wrqnuvawbu,Production,Application Service,Depends on::Used by,WLFMS,WLFMS-WETCOGHZ SEPNIGN KIISTTS JOOZOGLBGZ HNF ZETFIVLG-WRQNUVAWBU,Production,Application Service,Infrequent,06-06-2024 18:40
8BCKS,8BCKS-DENVS MATQO NAVOWTF-Wrqnuvawbu,Production,Application Service,Depends on::Used by,WPQCA,WPQCA-WRGPEKYSQ WRQNUVA VPVSOGZ-Wrqnuvawbu,Production,Application Service,Infrequent,06-06-2024 18:40
8BCKS,8BCKS-DENVS MATQO NAVOWTF-Wrqnuvawbu,Production,Application Service,Depends on::Used by,LCRB,LCRB-LNVOR JUUD WRQPIEL YEH-JS-Wrqnuvawbu,Production,Application Service,Always,07-07-2024 11:05
8BCKS,8BCKS-DENVS MATQO NAVOWTF-Wrqnuvawbu,Production,Application Service,Depends on::Used by,LPUVN,LPUVN-Lpusthu Yeykrwz Wlcdfhya-Wrqnuvawbu,Production,Application Service,Always,11/14/2021 12:24
8BCKS,8BCKS-DENVS MATQO NAVOWTF-Wrqnuvawbu,Production,Application Service,Depends on::Used by,6SVP,6SVP-DIO AECW TEOLEK HNF HDXSSHY HPK-WRQNUVAWBU,Production,Application Service,Always,07-08-2024 08:27
8BCKS,8BCKS-DENVS MATQO NAVOWTF-Wrqnuvawbu,Production,Application Service,Depends on::Used by,YWTNS,YWTNS-Yeykrwz Zurzoka-Wrqnuvawbu,Production,Application Service,Always,11/14/2021 12:20
8BCKS,8BCKS-DENVS MATQO NAVOWTF-Wrqnuvawbu,Production,Application Service,Depends on::Used by,NPQG,NPQG-Nlqlae Waawega Vrkqighhvnu Ditos-Wrqnuvawbu,Production,Application Service,Occasional,06-06-2024 18:40
8BCKS,8BCKS-DENVS MATQO NAVOWTF-Wrqnuvawbu,Production,Application Service,Depends on::Used by,6TTX,6TTX-DFC ARCXSYLF KOOKIG-WRQNUVAWBU,Production,Application Service,Always,7/29/2024 14:50
8BCKS,8BCKS-DENVS MATQO NAVOWTF-Wrqnuvawbu,Production,Application Service,Depends on::Used by,6IVC,6IVC-DFC Pnhyrfhhvvn Aeernhsctf Kookig-Wrqnuvawbu,Production,Application Service,Always,07-08-2024 08:28
8BCKS,8BCKS-DENVS MATQO NAVOWTF-Wrqnuvawbu,Production,Application Service,Depends on::Used by,8BKV,8BKV-IUUSNXZG PNVOGKHHVVN SAAOR - DB-Wrqnuvawbu,Production,Application Service,Always,06-06-2024 18:28
8BCKS,8BCKS-DENVS MATQO NAVOWTF-Wrqnuvawbu,Production,Application Service,Depends on::Used by,DWYRP,DWYRP-Denvs Matqo Wudviv Zivo-Wrqnuvawbu,Production,Application Service,Always,1/22/2026 23:17
8BCKS,8BCKS-DENVS MATQO NAVOWTF-Wrqnuvawbu,Production,Application Service,Depends on::Used by,J3OB,J3OB-JATNS-TAPKGX-TAPKGX TY YENKTBVBFOIR-WRQNUVAWBU,Production,Application Service,Always,1/22/2026 23:17
8BCKS,8BCKS-DENVS MATQO NAVOWTF-Wrqnuvawbu,Production,Application Service,Depends on::Used by,8BCC,8BCC-IRQUEKHUR HCEYUGA ZETFIVLG-WRQNUVAWBU,Production,Application Service,Always,1/22/2026 23:17
8BCKS,8BCKS-DENVS MATQO NAVOWTF-Wrqnuvawbu,Production,Application Service,Depends on::Used by,NPQGS,NPQGS-NLQLAE WAAWEGA HPRVIVHHVVN IUUSNXZG ZETFIVLG-WRQNUVAWBU,Production,Application Service,Occasional,06-06-2024 18:40
8BCKS,8BCKS-DENVS MATQO NAVOWTF-Wrqnuvawbu,Production,Application Service,Depends on::Used by,ZECC,ZECC-ZHCBEW LNVSTELARUTU HNF HUVROKPNNAIQX ZETFIVLG-Wrqnuvawbu,Production,Application Service,Occasional,06-06-2024 18:40
8BCKS,8BCKS-DENVS MATQO NAVOWTF-Wrqnuvawbu,Production,Application Service,Depends on::Used by,8FVE,8FVE-MINO ARCXSEHHVVN BTKVIMF-Wrqnuvawbu,Production,Application Service,Always,06-06-2024 18:28
8BCKS,8BCKS-DENVS MATQO NAVOWTF-Wrqnuvawbu,Production,Application Service,Depends on::Used by,LCT,LCT-LNVORIYWFL JUUDOFLF YEEYGGPHVVN-Wrqnuvawbu,Production,Application Service,Always,07-07-2024 10:55
8BCKS,8BCKS-DENVS MATQO NAVOWTF-Wrqnuvawbu,Production,Application Service,Depends on::Used by,VPU,VPU-VNNSNX WAAWEGA ZETFIVLG-Wrqnuvawbu,Production,Application Service,Always,1/22/2026 23:17
8BCKS,8BCKS-DENVS MATQO NAVOWTF-Wrqnuvawbu,Production,Application Service,Depends on::Used by,W2EBD,W2EBD-WUUR AO JATN-WRQNUVAWBU,Production,Application Service,Cluster,06-06-2024 18:40
8BCKS,8BCKS-DENVS MATQO NAVOWTF-Wrqnuvawbu,Production,Application Service,Depends on::Used by,NPG,NPG-NLQLAE WAAWEGA LXGMUMPCA-WRQNUVAWBU,Production,Application Service,Occasional,06-06-2024 18:40
8BCKS,8BCKS-DENVS MATQO NAVOWTF-Wrqnuvawbu,Production,Application Service,Depends on::Used by,H1YOB,H1YOB-PFVKIFZ-WRQNUVAWBU,Production,Application Service,Always,9/26/2024 10:25
8BCKS,8BCKS-DENVS MATQO NAVOWTF-Wrqnuvawbu,Production,Application Service,Depends on::Used by,PRYC,PRYC-PNHYRFHHVVN YERYRMPBT DED ZETFIVLG-WRQNUVAWBU,Production,Application Service,Cluster,06-06-2024 18:40
