APPLICATION_ID,WF_GUID,MAINFRAME_ID,CORRELATION_ID,APPLICATION_NAME,COMBO_DISTR_MAIN_ID,LIFE_CYCLE_STATUS,BUSINESS_GROUP,LINE_OF_BUSINESS,TECH_AREA,TECH_GROUP,APPLICATION_MNEMONIC_DISTRIBUTED_ID,TECHNICAL_DESCRIPTION,TECHNOLOGY_PORTFOLIO,DATA_CLASSIFICATION,DYNAMIC_WEB_SERVICE,INSTALL_TYPE,DEPLOYMENT_TYPE,PCI,PCI_NONEAPPLICABLE_PROCESSTRANSMIT,PCI_NONEAPPLICABLE_STORE,PCI_PRIMARYACCOUNTNUMBER_PROCESSTRANSMIT,PCI_PRIMARYACCOUNTNUMBER_STORE,PCI_TOKENIZEDPRIMARYACCOUNTNUMBER_PROCESSTRANSMIT,PCI_TOKENIZEDPRIMARYACCOUNTNUMBER_STORE,PCI_DOESASSETDETOKENIZEPAN,PCI_FULLTRACKDATA_PROCESSTRANSMIT,PCI_FULLTRACKDATA_STORE,PCI_PERSONALIDENTIFICATIONNUMBER_PROCESSTRANSMIT,PCI_PERSONALIDENTIFICATIONNUMBER_STORE,PCI_DOESPANINCLEARTEXTLOGFILES,FEEDS_SPLUNK,PAA,PAA_HOSTING_TYPE,CLOUD_HOSTED_FLAG,CLOUD_SERVICE_TYPE,ENCRYPTS_DATA_AT_REST,SENDS_DATA_EXTERNALLY
91321,JEDNAYM34I597447PPL46335LQ7ICD2B,,VI-IF3000I9N86D4F78P5109N9T7TN2DE0F,IRQUEKHUR KAVK HDOSNBZHEHTKYN KAVK KIUDRBIIGPOP,8AFN,DEPLOYED,WEALTH & INVESTMENT MANAGEMENT,GENERAL MANAGEMENT,TECHWIMT - WEALTH AND INVESTMENT MANAGEMENT TECHNOLOGY,WIMTDSDC - DOMAIN SOLUTIONS AND DOMAIN CAPABILITIES,8AFN,"THIS APPLICATION RUNS ON THE 1AOR ETL HUB SERVERS AND USES SHELL SCRIPTS, AND CONFIGURATION FILES TO MANAGE SCHEDULED DATA DISTRIBUTION.",WIMT - ARCHITECTURE,CONFIDENTIAL,NO,INTERNAL,ON PREMISE (WELLS FARGO),YES,NO,YES,YES,NO,NO,NO,,NO,NO,NO,NO,No,TRUE,NO,INTERNAL,NO,NO SERVICE,No,Both - Send/Receive
90964,6DEN2U0R4I597447PPL46335LQ7ICD45,,VI-L10LB24PPHA74A2637K4D5C41TS40269,VRCMLX VDU,8AQB,DEPLOYED,WEALTH & INVESTMENT MANAGEMENT,GENERAL MANAGEMENT,TECHWIMT - WEALTH AND INVESTMENT MANAGEMENT TECHNOLOGY,WIMTDSDC - DOMAIN SOLUTIONS AND DOMAIN CAPABILITIES,8AQB,"1AOR IS AN EXTRACT, TRANSFORM, AND LOAD APPLICATION THAT COLLECTS, VALIDATES, TRANSFORMS, AND LOADS BROKERAGE AND CORPORATE DATA INTO THE BROKERAGE OPERATIONAL DATA STORE.",WIMT - ARCHITECTURE,CONFIDENTIAL,NO,INTERNAL,ON PREMISE (WELLS FARGO),YES,NO,NO,YES,NO,NO,NO,No,NO,NO,NO,NO,Yes,TRUE,NO,INTERNAL,NO,NO SERVICE,Yes,Both - Send/Receive
90422,1C3OA2454I997447PPL46335LQ7ICD14,N5,YEIKA4C4T132KAHMCEAG5DMTKIP3H1,DENVS MATQO NAVOWTF,8BCKS;N5,DEPLOYED,GPL AND WHOLESALE DIGITAL,GPL AND WHOLESALE DIGITAL,TECHDTI - DIGITAL TECHNOLOGY AND INNOVATION,DTICBD - COMMERCIAL BANKING DIGITAL,8BCKS,WELLS FARGO GATEWAY IS AN EXTERNAL APPLICATION PROGAMMING INTERFACE (API) CHANNEL.,COMMERCIAL BANKING DIGITAL BANKING GATEWAY,RESTRICTED,YES,INTERNAL,ON PREMISE (WELLS FARGO);PRIVATE CLOUD,YES,NO,YES,YES,YES,YES,YES,Yes,NO,NO,NO,NO,No,TRUE,YES,INTERNAL,YES,NO SERVICE,Yes,Both - Send/Receive
90887,241N66I34I597447PPL46335LQ7ICDM4,,VI-1F8MDU2RS8754C15P2M2GPCX77P5F0P0,IRQUEKHUR HCEYUGA ZETFIVLG,8BCC,DEPLOYED,WEALTH & INVESTMENT MANAGEMENT,GENERAL MANAGEMENT,TECHWIMT - WEALTH AND INVESTMENT MANAGEMENT TECHNOLOGY,WIMTDSDC - DOMAIN SOLUTIONS AND DOMAIN CAPABILITIES,8BCC,SERVICE ORIENTED ARCHITECTURE (SOA) SERVICES APPLICATION SUPPORTING BROKERAGE ACCOUNT OPENING AND MAINTENANCE PROCESSES.,WIMT - CORE TECHNOLOGY,CONFIDENTIAL,NO,INTERNAL,ON PREMISE (WELLS FARGO),YES,NO,NO,YES,YES,NO,NO,,NO,NO,NO,NO,No,TRUE,NO,INTERNAL,YES,NO SERVICE,No,N/A - No data transmitted in/out of Wells Fargo
92305,411N6UI34I597447PPL46335LQ7ICDLC,,VI-30497726PM3F45TM0000F26362RN75611,LCEYS,8BFL,DEPLOYED,CHIEF OPERATING OFFICE,DATA ANALYTICS AND REPORTING,TECHCOO - TECHNOLOGY CHIEF OPERATING OFFICE,TCOOCONSOPS - TECH COO CONSUMER OPERATIONS,8BFL,"THIS APPLICATION IS THE END POINT FOR DATA ACROSS THE CALL MANAGEMENT SPACE. THIS INCLUDES DATA FROM OUR INTERACTIVE VOICE RESPONSE, GENESYS, ASPECT, CHAT, EMAIL, SURVEYS, NICE, FIVE 9 FEEDS (IVR, EIVA, VCC AND VERINT) AND OTHER CALL RELATED SYSTEMS.",INDIA - MVE,CONFIDENTIAL,NO,INTERNAL,ON PREMISE (WELLS FARGO),YES,YES,NO,YES,YES,NO,NO,,NO,NO,NO,NO,,TRUE,NO,INTERNAL,NO,NO SERVICE,No,Data received from a Third Party
99980,7CFN624R4I597447PPL46335LQ7ICDM9,,VI-MDH6916RS80241953534CKB77RPK5DL9,IUUSNXZG PNVOGKHHVVN SAAOR - DB,8BKV,DEPLOYED,TECHNOLOGY,CYBERSECURITY,TECHCDE - TECHNOLOGY CYBER AND DEVELOPER EXPERIENCE,CDECDXO - CHIEF DEVELOPMENT EXPERIENCE OFFICE,8BKV,"THE BUSINESS INTEGRATION LAYER ACTS AS A SERVICE AND EVENT BASED INTEGRATION BUS FOR WEALTH AND INVESTMENT MANAGEMENT. IN ADDITION IT SERVES AS THE WEALTH AND INVESTMENT MANAGEMENT TECHNOLOGY CENTRAL ABSTRACTION LAYER BETWEEN LINE OF BUSINESS, APPLICATION MANAGEMENT INTERFACE (API) AND UPSTREAM ENTERPRISE SYSTEMS.",CTO ENG ENABLEMENT - API MANAGEMENT,CONFIDENTIAL,NO,INTERNAL,ON PREMISE (WELLS FARGO),YES,NO,YES,NO,NO,YES,NO,,NO,NO,NO,NO,,TRUE,NO,INTERNAL,NO,NO SERVICE,No,Both - Send/Receive
,LFGNF31O746GM2812074HM80769K45K1,,,DIO ILCMKKVQX WRQZOLHZ ZYUDEF,8BTKP,DEPLOYED,WEALTH & INVESTMENT MANAGEMENT,TRADITIONAL PRODUCT MANAGEMENT,TECHWIMT - WEALTH AND INVESTMENT MANAGEMENT TECHNOLOGY,WIMTDTP - DIGITAL TRADING PERFORMANCE AND PLANNING TECH,8BTKP,BLACKROCK ALADDIN IS A THIRD PARTY HOSTED APPLICATION (VENDOR HOSTED) AND WILL BE ACCESSIBLE TO WIM FINANCIAL ADVISORS VIA THE FINANCIAL ADVISORS VIA ADVISOR GATEWAY.,DAP-VENDORAPPS,INTERNAL USE,NO,EXTERNAL,PUBLIC CLOUD,NO,NO,NO,NO,NO,YES,YES,No,NO,NO,NO,NO,,FALSE,NO,EXTERNAL,NO,SAAS,Yes,Data received from a Third Party
91914,380N664341597447PPL46335LQ7ICD0A,,VI-9D950VL14M5G436LPSK9C1D0JPO2CHK2,LIU ISC,8BUJ,DEPLOYED,CORPORATE RISK,FCRM,TECHEFT - ENTERPRISE FUNCTIONS TECHNOLOGY,EFTRFT - ENTERPRISE FUNCTIONS TECH RISK AND FINANCE TECHNOLOGY,8BUJ,"THIS APPLICATION SOURCES CUSTOMER, ACCOUNT, AND TRANSACTION FEEDS FROM UPSTREAM ENTERPRISE SYSTEMS TO SUPPORT FINANCIAL CRIMES COMPLIANCE USE CASES.",FINANCIAL CRIMES DATA TECHNOLOGY,CONFIDENTIAL,NO,INTERNAL,ON PREMISE (WELLS FARGO),YES,NO,NO,YES,YES,YES,YES,No,NO,NO,NO,NO,No,FALSE,NO,INTERNAL,NO,NO SERVICE,Yes,Both - Send/Receive
90859,8E9NEU034I597447PPL46335LQ7ICD98,,VI-8B9KC67SR02F478MPN00E134IRN5CF4A,LBTYKXYOTL,8BY,DEPLOYED,CBL - CHANNELS,DIGITAL DATA AND AI,TECHWIMT - WEALTH AND INVESTMENT MANAGEMENT TECHNOLOGY,WIMTDTP - DIGITAL TRADING PERFORMANCE AND PLANNING TECH,8BY,"EBROKERAGE IS A JAVA/WEBSPHERE/SQL SERVER PLATFORM INTEGRATED WITH LSEG & BETANXT, 9 SERVICES AND BANKING PLATFORMS TO PROVIDE CUSTOMERS ONLINE ACCESS TO THEIR BROKERAGE ACCOUNTS.",WIMT - WFA - DIGITAL CLIENT PLATFORMS AND WEB PUBLISHING,CONFIDENTIAL,YES,INTERNAL,ON PREMISE (WELLS FARGO),YES,NO,YES,YES,NO,YES,NO,,NO,NO,NO,NO,Yes,TRUE,YES,INTERNAL,NO,NO SERVICE,Yes,N/A - No data transmitted in/out of Wells Fargo
,IBGN6UMR4I597447PPL46335LQ7ICDKC,R0,VI-H2H66TMSPM2C4825315786D8198JFF78,JONVEVAWBUS HNF ZETFIVPBT TIEBO ZETFIVLG,8CCCM;R0,DEPLOYED,CHIEF OPERATING OFFICE,GLOBAL OPERATIONS,TECHCOO - TECHNOLOGY CHIEF OPERATING OFFICE,TCOOCONSOPS - TECH COO CONSUMER OPERATIONS,8CCCM,THIS INITIATIVE DELIVERS NEW SERVICES TO SUPPORT CUSTOMER JOURNEYS ACROSS THE CONSUMER AND COLLECTIONS PORTFOLIOS.,UNSECURE LENDING - RESOLVE HARDSHIP,CONFIDENTIAL,NO,INTERNAL,ON PREMISE (WELLS FARGO),YES,NO,NO,YES,NO,NO,NO,,NO,NO,NO,NO,,TRUE,NO,INTERNAL,YES,NO SERVICE,No,N/A - No data transmitted in/out of Wells Fargo
93904,MBCNA6M34I597447PPL46335LQ7ICDM0,J5,YEIKA4C4T132YAHBSNMJQDHMATQ7A6,JOPDEGA HCEOSL ZETFIVLG PNHBALAFHJTWBE,8CCF;J5,DEPLOYED,TECHNOLOGY,CIO DIG INNOV,TECHDTI - DIGITAL TECHNOLOGY AND INNOVATION,DTISSAT - STRATEGIC SERVICES AND ADVANCED TECHNOLOGY,8CCF,CONTENT ACCESS SERVICES (CAS) IS A JAVA BASED MIDDLEWARE APPLICATION THAT ALLOWS NUMEROUS LINE OF BUSINESS (LOB) APPLICATIONS TO IMPLEMENT CONTENT REPOSITORY AGNOSTIC SOLUTIONS.,ELECTRONIC SIGNATURE & DOCUMENT COLLABORATION & CUSTOMER COMMUNICATION,CONFIDENTIAL,NO,INTERNAL,ON PREMISE (WELLS FARGO),YES,NO,YES,YES,YES,NO,NO,,NO,NO,NO,NO,,TRUE,NO,INTERNAL,NO,PAAS,Yes,Both - Send/Receive
99945,0C4OA2I54I997447PPL46335LQ7ICD7D,,YEIKA4C4SLH2WAJGS8VYSIF67TOBYI,IAPU ZUROROPGVVN WRQQRTT,8CDCP,DEPLOYED,CBL - CHANNELS,BRANCH OVERSIGHT & SUPPORT,TECHCOO - TECHNOLOGY CHIEF OPERATING OFFICE,TCOOSSO - TCOO SHARED SERVICES OPERATION,8CDCP,"MULTI-TIERED, WEB-BASED APPLICATION ON .NET FRAMEWORK USING MS SQL WITH WEB, APP, DATABASE, AND BATCH COMPONENTS.",CORE GL,CONFIDENTIAL,NO,INTERNAL,ON PREMISE (WELLS FARGO);PRIVATE CLOUD,YES,NO,NO,NO,NO,NO,NO,,NO,NO,NO,NO,,TRUE,NO,INTERNAL,NO,NO SERVICE,No,Both - Send/Receive
,JFHNA2054I997447PPL46335LQ7ICDLC,,YEIKA4C4SJRZZAITLAGORWA4EWYJ3P,VNG JONVEVAWBUS JOOWOG JARKBBSWGF ZETFIVLG,8CEMS,DEPLOYED,CHIEF OPERATING OFFICE,GLOBAL OPERATIONS,TECHCOO - TECHNOLOGY CHIEF OPERATING OFFICE,TCOOCONSOPS - TECH COO CONSUMER OPERATIONS,8CEMS,"1CCCS SERVES AS A CENTRALIZED PLATFORM FOR HOSTING JAVA-BASED MICROSERVICES ON CLOUD, SUPPORTING COMMON COLLECTIONS AND SERVICING CAPABILITIES.",CRITICAL PAYMENTS,CONFIDENTIAL,NO,INTERNAL,ON PREMISE (WELLS FARGO);PRIVATE CLOUD,YES,YES,NO,YES,NO,NO,NO,Yes,NO,NO,NO,NO,,TRUE,NO,INTERNAL,NO,NO SERVICE,No,Both - Send/Receive
1500,L7FNA6IR4I597447PPL46335LQ7ICDK9,,,JUUDOFLF PDGXTBMWPHTKYN KUG KINSGXUQR,8CKND,DEPLOYED,CHIEF OPERATING OFFICE,GLOBAL OPERATIONS,TECHCOO - TECHNOLOGY CHIEF OPERATING OFFICE,TCOOSSO - TCOO SHARED SERVICES OPERATION,8CKND,CUSTOMER IDENTIFICATION DUE DILIGENCE WILL CENTRALIZE CUSTOMER DATA REVIEW ACTIVITIES INTO OUR CENTER OF EXCELLENCE TO BETTER ADDRESS KEY REGULATORY ISSUES WITH THE CURRENT DATA ENVIRONMENT.,CORE GL,CONFIDENTIAL,NO,INTERNAL,ON PREMISE (WELLS FARGO),YES,YES,NO,YES,YES,NO,NO,No,NO,NO,NO,NO,,TRUE,NO,INTERNAL,NO,NO SERVICE,No,N/A - No data transmitted in/out of Wells Fargo
2889,999LA3841432P50142M885F67QOI37K7,,VI-0760EW78O77F4D872914E00U893KE4N8,JOPDIGBWGF YERVAR,8CQXTK,DEPLOYED,CHIEF OPERATING OFFICE,GLOBAL OPERATIONS,TECHCOO - TECHNOLOGY CHIEF OPERATING OFFICE,TCOOCONSOPS - TECH COO CONSUMER OPERATIONS,8CQXTK,"CONTINUITY REPLAY (1CONTR) IS A VENDOR-BASED APPLICATION PROVIDED BY WILMAC, INC. AND IS A WEB USER INTERFACE INTERNALLY HOSTED ON INTERNET INFORMATION SERVICES (IIS) THAT UTILIZES STRUCTURED METADATA STORED IN MICROSOFT SQL DATABASES AND UNSTRUCTURED CAL",MMR - CALL CENTER,RESTRICTED,NO,INTERNAL,ON PREMISE (WELLS FARGO),NO,YES,NO,NO,NO,NO,NO,,NO,NO,NO,NO,,FALSE,NO,MIXED,NO,NO SERVICE,No,N/A - No data transmitted in/out of Wells Fargo
95841,M10NEU434I597447PPL46335LQ7ICD3C,,YEIKA4C4T132KAHVX0WWQX37S824FA,UIEO JANV YEEYRWPBT ZYUDEF,8CT1,DEPLOYED,CHIEF OPERATING OFFICE,GLOBAL OPERATIONS,TECHCOO - TECHNOLOGY CHIEF OPERATING OFFICE,TCOOCONSOPS - TECH COO CONSUMER OPERATIONS,8CT1,"THE NICE CALL RECORDING SYSTEM (1CR1) IS A VENDOR-BASED APPLICATION PROVIDED BY NICE SYSTEMS, INC. THAT RECORDS CONTACT CENTER PHONE CALLS FOR AGENTS.",MMR - CALL CENTER,CONFIDENTIAL,NO,INTERNAL,ON PREMISE (WELLS FARGO),YES,YES,NO,NO,NO,NO,NO,,NO,NO,NO,NO,No,TRUE,NO,INTERNAL,NO,NO SERVICE,Yes,N/A - No data transmitted in/out of Wells Fargo
98518,5D3O66454I997447PPL46335LQ7ICDO5,,,JSTMOGUSPA,8CUBC,DEPLOYED,PUBLIC AFFAIRS,COMMUNITY IMPACT,TECHEFT - ENTERPRISE FUNCTIONS TECHNOLOGY,EFTPAL - ENTERPRISE FUNCTIONS TECH PUBLIC AFFAIRS AND LEGAL,8CUBC,YOURCAUSE PLEDGE TOOL IS AN ONLINE SYSTEM THAT ALLOWS TEAM MEMBERS TO PLEDGE A DONATION TO A NON-PROFIT OR SCHOOL AS PART OF ANNUAL COMMUNITY SUPPORT CAMPAIGN.,PA CORPORATE RELATIONS TECHNOLOGY,CONFIDENTIAL,NO,EXTERNAL,ON PREMISE (THIRD PARTY),NO,YES,NO,NO,NO,NO,NO,,NO,NO,NO,NO,No,FALSE,YES,EXTERNAL,NO,NO SERVICE,No,Both - Send/Receive
90178,951N6UI34I597447PPL46335LQ7ICD74,,VI-2E26B4MR61E2437436HA9M8X05175GO1,KAURBHHFQ JANV JEPDEK,8DEM,DEPLOYED,CHIEF OPERATING OFFICE,GLOBAL OPERATIONS,TECHWIMT - WEALTH AND INVESTMENT MANAGEMENT TECHNOLOGY,WIMTOPSSVC - OPERATIONS AND SERVICING,8DEM,DASHBOARD CALL CENTER IS ALSO KNOWN AS AGENT DESKTOP. THIS APPLICATION ALLOWS WELLS FARGO ADVISORS CALL CENTER AGENTS TO HELP AND SUPPORT CLIENTS EASILY AND EFFICIENTLY.,WIMT - OPS & SERVICING - CONTACT CENTER,CONFIDENTIAL,NO,INTERNAL,ON PREMISE (WELLS FARGO);PRIVATE CLOUD,YES,NO,YES,YES,NO,NO,NO,,NO,NO,NO,NO,No,TRUE,NO,INTERNAL,NO,NO SERVICE,No,N/A - No data transmitted in/out of Wells Fargo
95123,9E1NEU34I597447PPL46335LQ7ICDM0,,VI-38152780SJ3648U7006FG42YSO8050NB,DFCETH - PNVOGKHHRK KEUUTHW,8DFB,DEPLOYED,CHIEF OPERATING OFFICE,GLOBAL OPERATIONS,TECHCOO - TECHNOLOGY CHIEF OPERATING OFFICE,TCOOCONSOPS - TECH COO CONSUMER OPERATIONS,8DFB,ITOP IS A .NET APPLICATION THAT PROVIDES THE FRONT-END INTERFACE FOR AUTO SERVICING USERS THROUGH CONNECTIVITY TO AUTO FINANCE SYSTEM AND SERVICING DATA STORE.,AUTO SERVICING,CONFIDENTIAL,NO,INTERNAL,ON PREMISE (WELLS FARGO),YES,NO,NO,YES,YES,NO,NO,,NO,NO,NO,NO,,TRUE,NO,INTERNAL,NO,NO SERVICE,Yes,Both - Send/Receive
2421,,534916184IB6M54J7S18615W6Q7ICD9B,,KIUKSMLF VRFOR YENSEY ZYUDEF,8DUDR,DEPLOYED,CHIEF OPERATING OFFICE,GLOBAL OPERATIONS,TECHCOO - TECHNOLOGY CHIEF OPERATING OFFICE,TCOOCONSOPS - TECH COO CONSUMER OPERATIONS,8DUDR,THIS APPLICATION RECEIVES DISASTER RELIEF REQUESTS FROM ECAR THROUGH KAFKA-BASED MESSAGING AND PROCESSES THOSE REQUESTS.,RLT COLLECTIONS & RECOVERY,PROPRIETARY EXTERNAL,NO,INTERNAL,PRIVATE CLOUD,YES,NO,NO,YES,YES,YES,NO,Yes,NO,NO,NO,NO,,TRUE,YES,INTERNAL,YES,NO SERVICE,Yes,Both - Send/Receive
,,93982U9Q6I4F1E47Q6L5759T78R15C7F,,PRQX TOWXTTPB KXR LXEOPMPCA WRQMELZWAN ZONETBVB,8DZZ,DEPLOYED,CHIEF OPERATING OFFICE,GLOBAL OPERATIONS,TECHCOO - TECHNOLOGY CHIEF OPERATING OFFICE,TCOOSSO - TCOO SHARED SERVICES OPERATION,8DZZ,"THE IRON MOUNTAIN EXCEPTION PROCESSING APPLICATION IS A VENDOR PROVIDED, WEB-BASED BUSINESS APPLICATION USED BY WELLS FARGO STAFF TO REVIEW AND RESOLVE DOCUMENT CAPTURE EXCEPTIONS.",INFORMATION MANAGEMENT UTILITY,RESTRICTED,NO,EXTERNAL,PUBLIC CLOUD,YES,NO,NO,YES,YES,NO,NO,,NO,NO,NO,NO,,FALSE,YES,EXTERNAL,NO,SAAS,,Data received from a Third Party
98516,7930664541997447PPL46335LQ7ICDN5,,YEIKA4C4T132KAHUK4HRQXA18Y9P4A,LNVORIYWFL HLNOGTAWBUS WLCDFHYA,8ECMM,DEPLOYED,HUMAN RESOURCES,HR PRODUCTS & TRANSFORMATION,TECHEFT - ENTERPRISE FUNCTIONS TECHNOLOGY,EFTHR - ENTERPRISE FUNCTIONS TECH HUMAN RESOURCES,8ECMM,ENTERPRISE ALLEGATIONS PLATFORM IS A .NET APPLICATION THAT IS TIED TO A PEGA PLATFORM SYSTEM TO TRACK ALLEGATIONS ACROSS MULTIPLE ALLEGATION MANAGEMENT TEAMS.,CONDUCT MANAGEMENT TECHNOLOGY,CONFIDENTIAL,NO,INTERNAL,PRIVATE CLOUD,YES,NO,NO,YES,YES,NO,NO,,NO,NO,NO,NO,No,TRUE,NO,INTERNAL,YES,NO SERVICE,Yes,N/A - No data transmitted in/out of Wells Fargo
96692,6DEN2U0R4I597447PPL46335LQ7ICD4D,,VI-L1FMV0931D84BY2ORHB66AXH489EC31,PNVBA-KMU,8EFW,DEPLOYED,CHIEF OPERATING OFFICE,GLOBAL OPERATIONS,TECHDTI - DIGITAL TECHNOLOGY AND INNOVATION,DTISSAT - STRATEGIC SERVICES AND ADVANCED TECHNOLOGY,8EFW,DOCUMENT MANAGEMENT SERVICES (DMS) PROVIDES FOUNDATIONAL DOCUMENT AND RECORDS MANAGEMENT FOR TEAM MEMBER CREATED BUSINESS CONTENT.,ELECTRONIC SIGNATURE & DOCUMENT COLLABORATION & CUSTOMER COMMUNICATION,CONFIDENTIAL,NO,INTERNAL,ON PREMISE (WELLS FARGO),YES,NO,NO,YES,YES,NO,NO,,NO,NO,NO,NO,No,TRUE,NO,INTERNAL,NO,NO SERVICE,Yes,N/A - No data transmitted in/out of Wells Fargo
98683,573OZY454I997447PPL46335LQ7ICDO4,,YEIKA4C4T132XAHBGPN9QDVOIYMPPZ,LNVORIYWFL LXKD TAPKGXTSAA ZYUDEF,8EGWS,DEPLOYED,CHIEF OPERATING OFFICE,GLOBAL OPERATIONS,TECHEFT - ENTERPRISE FUNCTIONS TECHNOLOGY,TCOOSSO - TCOO SHARED SERVICES OPERATION,8EGWS,ENTERPRISE EXIT MANAGEMENT SYSTEM IS A .NET BACKEND / ANGULAR FRONTEND APPLICATION HOSTED IN INTERNET INFORMATION SERVICES. USES MICROSOFT SQL SERVER DATABASE FOR STORAGE.,ENTERPRISE SCREENING,CONFIDENTIAL,NO,INTERNAL,ON PREMISE (WELLS FARGO);PUBLIC CLOUD,YES,NO,NO,NO,NO,NO,NO,,NO,NO,NO,NO,,TRUE,NO,INTERNAL,YES,SAAS,No,N/A - No data transmitted in/out of Wells Fargo
93414,J70N62I34I597447PPL46335LQ7ICD0B,,VI-120006KR129C41V5P84135DVL3PL181F,LAIVE,8EIV,DEPLOYED,FINANCE,CONTROLLERS,TECHCCIBT - COMMERCIAL CORPORATE AND INVESTMENT BANKING TECHNOLOGY,EFTRFT - ENTERPRISE FUNCTIONS TECH RISK AND FINANCE TECHNOLOGY,8EIV,EAGLE - WEB ENABLED AUTOMATED GENERAL LEDGER ENTRY TOOL. USED TO ENTER FINANCIAL TRANSACTIONS TO THE CORPORATE GENERAL LEDGER SYSTEM.,CORE GL,CONFIDENTIAL,NO,INTERNAL,ON PREMISE (WELLS FARGO);PRIVATE CLOUD,NO,YES,NO,NO,NO,NO,NO,,NO,NO,NO,NO,,TRUE,NO,INTERNAL,NO,NO SERVICE,Yes,Both - Send/Receive
82657,H5CN22M34I597447PPL46335LQ7ICD9B,,VI-592765K81J874E71301F78CY0209B38F,MINO ARCXSEHHVVN BTKVIMF,8FVE,DEPLOYED,GPL AND WHOLESALE DIGITAL,GPL AND WHOLESALE DIGITAL,TECHEFT - ENTERPRISE FUNCTIONS TECHNOLOGY,CCIBTGPLT - GLOBAL PAYMENTS AND LIQUIDITY TECHNOLOGY,8FVE,FILE TRANSLATION UTILITY (FTU) FULFILLS THE UNIQUE ROLE OF SUPPORTING COMPLEX CUSTOMER REQUIREMENTS WHILE RELIEVING BACK-END SYSTEMS FROM THE BURDEN OF ONE-OFF CUSTOMIZATIONS.,CRITICAL PAYMENTS,CONFIDENTIAL,NO,INTERNAL,ON PREMISE (WELLS FARGO);PRIVATE CLOUD,YES,NO,NO,YES,NO,NO,NO,,NO,NO,NO,NO,,TRUE,NO,INTERNAL,NO,NO SERVICE,No,N/A - No data transmitted in/out of Wells Fargo
93570,K51N2UI34I597447PPL46335LQ7ICD87,,VI-2A66F5HP4M424AW42N960KC61834D7PF,PRKCWXI,8IPQ,DEPLOYED,FINANCE,CIO WIM TECHNOLOGY,TECHWIMT - WEALTH AND INVESTMENT MANAGEMENT TECHNOLOGY,EFTRFT - ENTERPRISE FUNCTIONS TECH RISK AND FINANCE TECHNOLOGY,8IPQ,"JAVA WEB APPLICATION WHICH FUNCTIONS AS A REPORTING TOOL. 3 TIERED, CONNECTS TO FYD AND 1RDR DATABASES. THE 1ING (IRISWEB) APPLICATION IS A USER INTERFACE ONLY. NO DATA IS STORED.",CORE GL,CONFIDENTIAL,NO,INTERNAL,ON PREMISE (WELLS FARGO),YES,NO,YES,NO,NO,NO,NO,,NO,NO,NO,NO,,TRUE,NO,INTERNAL,YES,NO SERVICE,No,Both - Send/Receive
91233,7DCNEYI34I597447PPL46335LQ7ICDP4,,VI-53F5C36Q8K8D4B9K31924L07832L417B,NAK RIV MUNPIETSAA,8KHD,DEPLOYED,TECHNOLOGY,CIO WIM TECHNOLOGY,TECHWIMT - WEALTH AND INVESTMENT MANAGEMENT TECHNOLOGY,WIMTINVBLT - INVESTMENT SOLUTIONS BANKING LENDING AND TRUST,8KHD,WFA SS AND WEALTH ONLINE TOOL ACCESSED BY INVESTMENT PROFESSIONALS WITHIN THE DISTRIBUTION CHANNELS (WFA WEALTH) TO CHECK AND LOG INVESTOR SUITABILITY AND QUALIFICATIONS.,WIMT - ALTERNATIVES,INTERNAL USE,NO,INTERNAL,ON PREMISE (WELLS FARGO);PRIVATE CLOUD,YES,NO,NO,YES,YES,NO,NO,,NO,NO,NO,NO,Yes,TRUE,NO,INTERNAL,NO,NO SERVICE,No,Both - Send/Receive
96492,I0DN6UM34I597447PPL46335LQ7ICD68,,VI-HF8K855225C84FX826204L95690O20467,SIGXS SEXSEL & NATXILOARUTU,8LNQ,DEPLOYED,CHIEF OPERATING OFFICE,GLOBAL OPERATIONS,TECHCOO - TECHNOLOGY CHIEF OPERATING OFFICE,TCOOCONSOPS - TECH COO CONSUMER OPERATIONS,8LNQ,"INTERNAL WEB BASED APPLICATION THAT PROCESSES WRITS AND LEVY REQUESTS COMING FROM INTERNAL AND EXTERNAL LEGAL ENTITIES. THE SYSTEM IS BUILT THE .NET PLATFORM, AND WRITTEN IN C SHARP.",EMPLOYEE - BRANCH BANKING,CONFIDENTIAL,NO,INTERNAL,ON PREMISE (WELLS FARGO),YES,NO,NO,YES,NO,NO,NO,,NO,NO,NO,NO,No,TRUE,NO,INTERNAL,NO,NO SERVICE,No,N/A - No data transmitted in/out of Wells Fargo
96560,59DN6UM34I597447PPL46335LQ7ICDNC,,VI-I348101I037G4E00P82FEP83L58H7488,KDV-JRQCS JHCXNXS WRQMELZWAN (ECR),8MEC,DEPLOYED,CHIEF OPERATING OFFICE,GLOBAL OPERATIONS,TECHWIMT - WEALTH AND INVESTMENT MANAGEMENT TECHNOLOGY,DTISSAT - STRATEGIC SERVICES AND ADVANCED TECHNOLOGY,8MEC,DOCUMENT GENERATION DELIVERY AND PRINTING APPLICATION PLATFORM FOR MULTIPLE LOB PROCESSING.,INTELLIGENT CAPTURE DOCUMENT GENERATION AND PRINT & MAIL SERVICES,CONFIDENTIAL,NO,INTERNAL,ON PREMISE (WELLS FARGO),YES,YES,NO,YES,YES,YES,NO,No,NO,NO,NO,NO,,FALSE,NO,INTERNAL,NO,NO SERVICE,No,Both - Send/Receive
90034,IE8N6YM94I597447PPL46335LQ7ICD8C,,VI-754920682K16483IOR6592D266P69DN9,TY TATUEMPBT,8MQN,DEPLOYED,WEALTH & INVESTMENT MANAGEMENT,COMMUNICATIONS,TECHCOO - TECHNOLOGY CHIEF OPERATING OFFICE,WIMTINVBLT - INVESTMENT SOLUTIONS BANKING LENDING AND TRUST,8MQN,THIS A THIRD PARTY HOSTED MARKETING APPLICATION ACCESSED VIA A MENU ITEM ON SMARTSTATION OR VIA INFOMAX.,WIMT - QUALITY ADVICE TOOLS,CONFIDENTIAL,NO,EXTERNAL,ON PREMISE (THIRD PARTY),NO,YES,NO,NO,NO,NO,NO,,NO,NO,NO,NO,,TRUE,YES,EXTERNAL,NO,NO SERVICE,,N/A - No data transmitted in/out of Wells Fargo
,51GL1T4Q20C5PA47RN77DPE73QOH12L0,,,VPGBAMPCAZ JAUO TAPKGXTSAA WEIK,8OEWP,BEING ASSEMBLED,CHIEF OPERATING OFFICE,GLOBAL OPERATIONS,TECHCOO - TECHNOLOGY CHIEF OPERATING OFFICE,TCOOCONSOPS - TECH COO CONSUMER OPERATIONS,8OEWP,"1OCMP (OPERATIONS CASE MANAGEMENT PEGA) IS A CASE MANAGEMENT APPLICATION BUILT ON THE PEGA PLATFORM THAT SUPPORTS COMPLEX, LONG RUNNING OPERATIONAL WORKFLOWS.",INDIA MMR - CLAIMS MGMT,CONFIDENTIAL,NO,INTERNAL,PUBLIC CLOUD,YES,NO,NO,YES,YES,NO,NO,,NO,NO,NO,NO,No,TRUE,NO,INTERNAL,NO,NO SERVICE,No,N/A - No data transmitted in/out of Wells Fargo
96393,7FCN26M34I597447PPL46335LQ7ICDLB,,VI-6943E41O5LDC4156O27E246U7TQLFE06,VFHSCBHZ JHGMKL J/Z,8OHM,DEPLOYED,CHIEF OPERATING OFFICE,GLOBAL OPERATIONS,TECHCOO - TECHNOLOGY CHIEF OPERATING OFFICE,TCOOCONSOPS - TECH COO CONSUMER OPERATIONS,8OHM,"OFFICIAL CHECK APPLICATION (1OFC) IS USED BY SEVERAL GROUPS IN THE BANK TO CREATE, APPROVE AND PRINT OFFICIAL CHECKS.",MANAGE MY RELATIONSHIP,CONFIDENTIAL,NO,INTERNAL,ON PREMISE (WELLS FARGO),YES,NO,NO,YES,YES,NO,YES,,NO,NO,NO,NO,,TRUE,NO,INTERNAL,NO,NO SERVICE,,N/A - No data transmitted in/out of Wells Fargo
,06E4694Q20E37A4100ICD4773QOH125D,,YEIKA4C4T132KAHVX0WWQX37S824FA,VNG YEEYVXYM TAPKGXTSAA,8REFM,BEING ASSEMBLED,CHIEF OPERATING OFFICE,GLOBAL OPERATIONS,TECHCOO - TECHNOLOGY CHIEF OPERATING OFFICE,TCOOCONSOPS - TECH COO CONSUMER OPERATIONS,8REFM,"1RCVM IS FOR HOSTING JAVA BASED MICROSERVICES IN OPEN SHIFT CLOUD ENVIRONMENT. TECHNICALLY, THIS APPLICATION WILL CONTAIN JAVA, MONGO BASED IMPLEMENTATION TO CREATE NEW APIS. 1RCVM ALSO INCLUDES UI COMPONENTS.",RLT COLLECTIONS & RECOVERY,CONFIDENTIAL,NO,INTERNAL,ON PREMISE (WELLS FARGO);PRIVATE CLOUD,YES,NO,NO,YES,YES,NO,YES,,NO,NO,NO,NO,No,TRUE,NO,INTERNAL,NO,NO SERVICE,,N/A - No data transmitted in/out of Wells Fargo
